{"game_id":5808,"current_position":"[{\"cell\":{\"clr\":\"wt\",\"pos\":26},\"piece\":{\"type\":{\"value\":5,\"name\":\"brok\"},\"col\":\"black\",\"name\":\"brook1\"}},{\"cell\":{\"clr\":\"bk\",\"pos\":27},\"piece\":{\"type\":{\"value\":3,\"name\":\"bknght\"},\"col\":\"black\",\"name\":\"bknght1\"}},{\"cell\":{\"clr\":\"wt\",\"pos\":28},\"piece\":{\"type\":{\"value\":4,\"name\":\"bbshp\"},\"col\":\"black\",\"name\":\"bbshp1\"}},{\"cell\":{\"clr\":\"bk\",\"pos\":29},\"piece\":{\"type\":{\"value\":8,\"name\":\"bqueen\"},\"col\":\"black\",\"name\":\"bqueen1\"}},{\"cell\":{\"clr\":\"wt\",\"pos\":30},\"piece\":{\"type\":{\"value\":15,\"name\":\"bking\"},\"col\":\"black\",\"name\":\"bking1\"}},{\"cell\":{\"clr\":\"bk\",\"pos\":31},\"piece\":{\"type\":{\"value\":4,\"name\":\"bbshp\"},\"col\":\"black\",\"name\":\"bbshp2\"}},{\"cell\":{\"clr\":\"wt\",\"pos\":32},\"piece\":{\"type\":{\"value\":3,\"name\":\"bknght\"},\"col\":\"black\",\"name\":\"bknght2\"}},{\"cell\":{\"clr\":\"bk\",\"pos\":33},\"piece\":{\"type\":{\"value\":5,\"name\":\"brok\"},\"col\":\"black\",\"name\":\"brook2\"}},{\"cell\":{\"clr\":\"bk\",\"pos\":38},\"piece\":{\"type\":{\"value\":1,\"name\":\"bpawn\"},\"col\":\"black\",\"name\":\"bpawn1\"}},{\"cell\":{\"clr\":\"wt\",\"pos\":39},\"piece\":{\"type\":{\"value\":1,\"name\":\"bpawn\"},\"col\":\"black\",\"name\":\"bpawn2\"}},{\"cell\":{\"clr\":\"bk\",\"pos\":40},\"piece\":{\"type\":{\"value\":1,\"name\":\"bpawn\"},\"col\":\"black\",\"name\":\"bpawn3\"}},{\"cell\":{\"clr\":\"bk\",\"pos\":42},\"piece\":{\"type\":{\"value\":1,\"name\":\"bpawn\"},\"col\":\"black\",\"name\":\"bpawn5\"}},{\"cell\":{\"clr\":\"wt\",\"pos\":43},\"piece\":{\"type\":{\"value\":1,\"name\":\"bpawn\"},\"col\":\"black\",\"name\":\"bpawn6\"}},{\"cell\":{\"clr\":\"bk\",\"pos\":44},\"piece\":{\"type\":{\"value\":1,\"name\":\"bpawn\"},\"col\":\"black\",\"name\":\"bpawn7\"}},{\"cell\":{\"clr\":\"wt\",\"pos\":45},\"piece\":{\"type\":{\"value\":1,\"name\":\"bpawn\"},\"col\":\"black\",\"name\":\"bpawn8\"}},{\"cell\":{\"clr\":\"bk\",\"pos\":53},\"piece\":{\"type\":{\"value\":1,\"name\":\"bpawn\"},\"col\":\"black\",\"name\":\"bpawn4\"}},{\"cell\":{\"clr\":\"wt\",\"pos\":89},\"piece\":{\"type\":{\"value\":1,\"name\":\"wpawn\"},\"col\":\"white\",\"name\":\"wpawn4\"}},{\"cell\":{\"clr\":\"wt\",\"pos\":98},\"piece\":{\"type\":{\"value\":1,\"name\":\"wpawn\"},\"col\":\"white\",\"name\":\"wpawn1\"}},{\"cell\":{\"clr\":\"bk\",\"pos\":99},\"piece\":{\"type\":{\"value\":1,\"name\":\"wpawn\"},\"col\":\"white\",\"name\":\"wpawn2\"}},{\"cell\":{\"clr\":\"wt\",\"pos\":100},\"piece\":{\"type\":{\"value\":1,\"name\":\"wpawn\"},\"col\":\"white\",\"name\":\"wpawn3\"}},{\"cell\":{\"clr\":\"wt\",\"pos\":102},\"piece\":{\"type\":{\"value\":1,\"name\":\"wpawn\"},\"col\":\"white\",\"name\":\"wpawn5\"}},{\"cell\":{\"clr\":\"bk\",\"pos\":103},\"piece\":{\"type\":{\"value\":1,\"name\":\"wpawn\"},\"col\":\"white\",\"name\":\"wpawn6\"}},{\"cell\":{\"clr\":\"wt\",\"pos\":104},\"piece\":{\"type\":{\"value\":1,\"name\":\"wpawn\"},\"col\":\"white\",\"name\":\"wpawn7\"}},{\"cell\":{\"clr\":\"bk\",\"pos\":105},\"piece\":{\"type\":{\"value\":1,\"name\":\"wpawn\"},\"col\":\"white\",\"name\":\"wpawn8\"}},{\"cell\":{\"clr\":\"bk\",\"pos\":110},\"piece\":{\"type\":{\"value\":5,\"name\":\"wrook\"},\"col\":\"white\",\"name\":\"wrook1\"}},{\"cell\":{\"clr\":\"wt\",\"pos\":111},\"piece\":{\"type\":{\"value\":3,\"name\":\"wknght\"},\"col\":\"white\",\"name\":\"wknght1\"}},{\"cell\":{\"clr\":\"bk\",\"pos\":112},\"piece\":{\"type\":{\"value\":4,\"name\":\"wbshp\"},\"col\":\"white\",\"name\":\"wbshp1\"}},{\"cell\":{\"clr\":\"wt\",\"pos\":113},\"piece\":{\"type\":{\"value\":8,\"name\":\"wqueen\"},\"col\":\"white\",\"name\":\"wqueen\"}},{\"cell\":{\"clr\":\"bk\",\"pos\":114},\"piece\":{\"type\":{\"value\":15,\"name\":\"wking\"},\"col\":\"white\",\"name\":\"wking\"}},{\"cell\":{\"clr\":\"wt\",\"pos\":115},\"piece\":{\"type\":{\"value\":4,\"name\":\"wbshp\"},\"col\":\"white\",\"name\":\"wbshp2\"}},{\"cell\":{\"clr\":\"bk\",\"pos\":116},\"piece\":{\"type\":{\"value\":3,\"name\":\"wknght\"},\"col\":\"white\",\"name\":\"wknght2\"}},{\"cell\":{\"clr\":\"wt\",\"pos\":117},\"piece\":{\"type\":{\"value\":5,\"name\":\"wrook\"},\"col\":\"white\",\"name\":\"wrook2\"}}]","player1":"naveen","player2":"jose","created_time":"2016-02-05T13:32:45.258Z","start_time":"2016-02-05T13:32:47.630Z","last_move":"2016-02-05T13:32:52.911Z","turn":1,"game_status":"1","moves":["[{\"cell\":{\"clr\":\"bk\",\"pos\":101},\"piece\":{\"type\":{\"value\":0,\"name\":0},\"col\":\"empty\",\"name\":\"\"}},{\"cell\":{\"clr\":\"wt\",\"pos\":89},\"piece\":{\"type\":{\"value\":1,\"name\":\"wpawn\"},\"col\":\"white\",\"name\":\"wpawn4\"}}]","[{\"cell\":{\"clr\":\"wt\",\"pos\":41},\"piece\":{\"type\":{\"value\":0,\"name\":0},\"col\":\"empty\",\"name\":\"\"}},{\"cell\":{\"clr\":\"bk\",\"pos\":53},\"piece\":{\"type\":{\"value\":1,\"name\":\"bpawn\"},\"col\":\"black\",\"name\":\"bpawn4\"}}]"],"move_num":"1"}

